,0,1,2
0 1,0.0,0.9276494706101076,0.07235052938989249
0 1 1 1 2,0.0,0.8056690634943121,0.194330936505688
0 1 1 1 2 1 2,0.9999999976305483,1.9032087792632977e-10,2.1791309462926125e-09
0 1 1 1 2 2 2,0.9999999957490752,4.250924725779859e-09,0.0
0 1 1 1 3,0.0,0.8056690634943121,0.194330936505688
0 1 1 1 3 1 2,0.9999999976305483,1.9032087792632977e-10,2.1791309462926125e-09
0 1 1 1 3 2 2,0.9999999957490752,4.250924725779859e-09,0.0
0 1 1 1 4,0.0,0.9244145361197197,0.07558546388028031
0 1 1 1 4 1 2,0.9999999941016254,5.467029170382837e-10,5.3516716989679426e-09
0 1 1 1 4 2 2,0.9999999985738371,1.4261628861691533e-09,0.0
0 1 1 1 5,0.0,0.9244145361197197,0.07558546388028031
0 1 1 1 5 1 2,0.9999999941016254,5.467029170382837e-10,5.3516716989679426e-09
0 1 1 1 5 2 2,0.9999999985738371,1.4261628861691533e-09,0.0
0 1 1 2,0.9461123925849018,0.035554765872898804,0.018332841542199323
0 1 1 2 1 2,0.0,0.006785229730970578,0.9932147702690294
0 1 1 2 1 2 1 2,7.117548414293121e-05,7.489557901084787e-07,0.999928075560067
0 1 1 2 1 2 2 2,0.9999999989824748,1.0175251814537107e-09,0.0
0 1 1 2 1 3,0.0,0.006785229730970578,0.9932147702690294
0 1 1 2 1 3 1 2,7.117548414293121e-05,7.489557901084787e-07,0.999928075560067
0 1 1 2 1 3 2 2,0.9999999989824748,1.0175251814537107e-09,0.0
0 1 1 2 1 4,0.0,0.9660420127706457,0.03395798722935423
0 1 1 2 1 4 1 2,0.9999998259123064,6.974307024474393e-10,1.7339026292234682e-07
0 1 1 2 1 4 2 2,0.999999970239077,2.9760922887294835e-08,0.0
0 1 1 2 1 5,0.0,0.9660420127706457,0.03395798722935423
0 1 1 2 1 5 1 2,0.9999998259123064,6.974307024474393e-10,1.7339026292234682e-07
0 1 1 2 1 5 2 2,0.999999970239077,2.9760922887294835e-08,0.0
0 1 1 2 2 1 2,0.0,0.9999998970711974,1.0292880260604501e-07
0 1 1 2 2 1 2 1 2,0.798555808953197,1.306667710903665e-09,0.2014441897401354
0 1 1 2 2 1 2 2 2,0.9809576977970232,0.01904230220297679,0.0
0 1 1 2 2 1 3,0.0,0.9999998970711974,1.0292880260604501e-07
0 1 1 2 2 1 3 1 2,0.798555808953197,1.306667710903665e-09,0.2014441897401354
0 1 1 2 2 1 3 2 2,0.9809576977970232,0.01904230220297679,0.0
0 1 1 2 2 1 4,0.0,1.6073522916978055e-07,0.9999998392647708
0 1 1 2 2 1 4 1 2,0.008129316660442263,0.008129316660442263,0.9837413666791155
0 1 1 2 2 1 4 2 2,0.9999999980399983,1.9600016796561728e-09,0.0
0 1 1 2 2 1 5,0.0,1.6073522916978055e-07,0.9999998392647708
0 1 1 2 2 1 5 1 2,0.008129316660442263,0.008129316660442263,0.9837413666791155
0 1 1 2 2 1 5 2 2,0.9999999980399983,1.9600016796561728e-09,0.0
0 1 2 1 2,0.0,4.606735389296502e-07,0.999999539326461
0 1 2 1 2 1 2,0.9069424403612926,0.00200016155203062,0.09105739808667679
0 1 2 1 2 2 2,0.9999999986178671,1.3821328876194982e-09,0.0
0 1 2 1 3,0.0,4.606735389296502e-07,0.999999539326461
0 1 2 1 3 1 2,0.9069424403612926,0.00200016155203062,0.09105739808667679
0 1 2 1 3 2 2,0.9999999986178671,1.3821328876194982e-09,0.0
0 1 2 1 4,0.0,2.522195713817665e-07,0.9999997477804287
0 1 2 1 4 1 2,0.21517580649354182,0.006267493488921812,0.7785567000175363
0 1 2 1 4 2 2,0.9999999984537977,1.5462022545238956e-09,0.0
0 1 2 1 5,0.0,2.522195713817665e-07,0.9999997477804287
0 1 2 1 5 1 2,0.21517580649354182,0.006267493488921812,0.7785567000175363
0 1 2 1 5 2 2,0.9999999984537977,1.5462022545238956e-09,0.0
0 1 2 2,6.069137616366713e-08,0.9999999393086239,0.0
0 1 2 2 1 2,0.0,0.876831549152842,0.123168450847158
0 1 2 2 1 2 1 2,0.9999999136791051,9.414572385462486e-10,8.537943768700317e-08
0 1 2 2 1 2 2 2,0.9999999943892599,5.61074010951907e-09,0.0
0 1 2 2 1 3,0.0,0.876831549152842,0.123168450847158
0 1 2 2 1 3 1 2,0.9999999136791051,9.414572385462486e-10,8.537943768700317e-08
0 1 2 2 1 3 2 2,0.9999999943892599,5.61074010951907e-09,0.0
0 1 2 2 1 4,0.0,0.4393762475521019,0.5606237524478981
0 1 2 2 1 4 1 2,4.7296444771357284e-06,1.1326892339567749e-09,0.9999952692228337
0 1 2 2 1 4 2 2,0.9999999987673263,1.2326737216858984e-09,0.0
0 1 2 2 1 5,0.0,0.4393762475521019,0.5606237524478981
0 1 2 2 1 5 1 2,4.7296444771357284e-06,1.1326892339567749e-09,0.9999952692228337
0 1 2 2 1 5 2 2,0.9999999987673263,1.2326737216858984e-09,0.0
0 2 1 1 1,0.0,0.9078385381218558,0.09216146187814425
0 2 1 1 1 1 2,7.916031966282364e-11,0.20531226898932722,0.7946877309315123
0 2 1 1 1 2 2,1.1696557446371817e-09,0.9999999988303443,0.0
0 2 1 2 1 1,0.0,0.000265525377694279,0.9997344746223057
0 2 1 2 1 1 1 2,2.537412300891608e-06,3.763094372363226e-05,0.9999598316439755
0 2 1 2 1 1 2 2,1.0108894561451809e-09,0.9999999989891106,0.0
0 2 1 2 2 1 1,0.0,1.4790786621505978e-06,0.9999985209213379
0 2 1 2 2 1 1 1 2,0.0008834334574944055,0.0008834334574944055,0.9982331330850112
0 2 1 2 2 1 1 2 2,1.9600042636153374e-09,0.9999999980399957,0.0
0 2 2 1 1,0.0,9.568787134402393e-07,0.9999990431212865
0 2 2 1 1 1 2,0.0009629449246417083,0.0009629449246417083,0.9980741101507166
0 2 2 1 1 2 2,1.3821335734416452e-09,0.9999999986178665,0.0
0 2 2 2 1 1,0.0,4.184541311995585e-07,0.9999995815458688
0 2 2 2 1 1 1 2,0.0011009827455710883,0.0011009827455710883,0.9977980345088577
0 2 2 2 1 1 2 2,6.910664565750953e-10,0.9999999993089336,0.0
1 0,0.0,0.9276494706101076,0.07235052938989249
1 0 1 1 2,0.0,0.8056690634943121,0.194330936505688
1 0 1 1 2 1 2,0.9999999976305483,1.9032087792632977e-10,2.1791309462926125e-09
1 0 1 1 2 2 2,0.9999999957490752,4.250924725779859e-09,0.0
1 0 1 1 3,0.0,0.8056690634943121,0.194330936505688
1 0 1 1 3 1 2,0.9999999976305483,1.9032087792632977e-10,2.1791309462926125e-09
1 0 1 1 3 2 2,0.9999999957490752,4.250924725779859e-09,0.0
1 0 1 1 4,0.0,0.9244145361197197,0.07558546388028031
1 0 1 1 4 1 2,0.9999999941016254,5.467029170382837e-10,5.3516716989679426e-09
1 0 1 1 4 2 2,0.9999999985738371,1.4261628861691533e-09,0.0
1 0 1 1 5,0.0,0.9244145361197197,0.07558546388028031
1 0 1 1 5 1 2,0.9999999941016254,5.467029170382837e-10,5.3516716989679426e-09
1 0 1 1 5 2 2,0.9999999985738371,1.4261628861691533e-09,0.0
1 0 1 2,0.9461123925849018,0.035554765872898804,0.018332841542199323
1 0 1 2 1 2,0.0,0.006785229730970578,0.9932147702690294
1 0 1 2 1 2 1 2,7.117548414293121e-05,7.489557901084787e-07,0.999928075560067
1 0 1 2 1 2 2 2,0.9999999989824748,1.0175251814537107e-09,0.0
1 0 1 2 1 3,0.0,0.006785229730970578,0.9932147702690294
1 0 1 2 1 3 1 2,7.117548414293121e-05,7.489557901084787e-07,0.999928075560067
1 0 1 2 1 3 2 2,0.9999999989824748,1.0175251814537107e-09,0.0
1 0 1 2 1 4,0.0,0.9660420127706457,0.03395798722935423
1 0 1 2 1 4 1 2,0.9999998259123064,6.974307024474393e-10,1.7339026292234682e-07
1 0 1 2 1 4 2 2,0.999999970239077,2.9760922887294835e-08,0.0
1 0 1 2 1 5,0.0,0.9660420127706457,0.03395798722935423
1 0 1 2 1 5 1 2,0.9999998259123064,6.974307024474393e-10,1.7339026292234682e-07
1 0 1 2 1 5 2 2,0.999999970239077,2.9760922887294835e-08,0.0
1 0 1 2 2 1 2,0.0,0.9999998970711974,1.0292880260604501e-07
1 0 1 2 2 1 2 1 2,0.798555808953197,1.306667710903665e-09,0.2014441897401354
1 0 1 2 2 1 2 2 2,0.9809576977970232,0.01904230220297679,0.0
1 0 1 2 2 1 3,0.0,0.9999998970711974,1.0292880260604501e-07
1 0 1 2 2 1 3 1 2,0.798555808953197,1.306667710903665e-09,0.2014441897401354
1 0 1 2 2 1 3 2 2,0.9809576977970232,0.01904230220297679,0.0
1 0 1 2 2 1 4,0.0,1.6073522916978055e-07,0.9999998392647708
1 0 1 2 2 1 4 1 2,0.008129316660442263,0.008129316660442263,0.9837413666791155
1 0 1 2 2 1 4 2 2,0.9999999980399983,1.9600016796561728e-09,0.0
1 0 1 2 2 1 5,0.0,1.6073522916978055e-07,0.9999998392647708
1 0 1 2 2 1 5 1 2,0.008129316660442263,0.008129316660442263,0.9837413666791155
1 0 1 2 2 1 5 2 2,0.9999999980399983,1.9600016796561728e-09,0.0
1 0 2 1 2,0.0,4.606735389296502e-07,0.999999539326461
1 0 2 1 2 1 2,0.9069424403612926,0.00200016155203062,0.09105739808667679
1 0 2 1 2 2 2,0.9999999986178671,1.3821328876194982e-09,0.0
1 0 2 1 3,0.0,4.606735389296502e-07,0.999999539326461
1 0 2 1 3 1 2,0.9069424403612926,0.00200016155203062,0.09105739808667679
1 0 2 1 3 2 2,0.9999999986178671,1.3821328876194982e-09,0.0
1 0 2 1 4,0.0,2.522195713817665e-07,0.9999997477804287
1 0 2 1 4 1 2,0.21517580649354182,0.006267493488921812,0.7785567000175363
1 0 2 1 4 2 2,0.9999999984537977,1.5462022545238956e-09,0.0
1 0 2 1 5,0.0,2.522195713817665e-07,0.9999997477804287
1 0 2 1 5 1 2,0.21517580649354182,0.006267493488921812,0.7785567000175363
1 0 2 1 5 2 2,0.9999999984537977,1.5462022545238956e-09,0.0
1 0 2 2,6.069137616366713e-08,0.9999999393086239,0.0
1 0 2 2 1 2,0.0,0.876831549152842,0.123168450847158
1 0 2 2 1 2 1 2,0.9999999136791051,9.414572385462486e-10,8.537943768700317e-08
1 0 2 2 1 2 2 2,0.9999999943892599,5.61074010951907e-09,0.0
1 0 2 2 1 3,0.0,0.876831549152842,0.123168450847158
1 0 2 2 1 3 1 2,0.9999999136791051,9.414572385462486e-10,8.537943768700317e-08
1 0 2 2 1 3 2 2,0.9999999943892599,5.61074010951907e-09,0.0
1 0 2 2 1 4,0.0,0.4393762475521019,0.5606237524478981
1 0 2 2 1 4 1 2,4.7296444771357284e-06,1.1326892339567749e-09,0.9999952692228337
1 0 2 2 1 4 2 2,0.9999999987673263,1.2326737216858984e-09,0.0
1 0 2 2 1 5,0.0,0.4393762475521019,0.5606237524478981
1 0 2 2 1 5 1 2,4.7296444771357284e-06,1.1326892339567749e-09,0.9999952692228337
1 0 2 2 1 5 2 2,0.9999999987673263,1.2326737216858984e-09,0.0
1 2 1 1 0,0.0,0.9078385381218558,0.09216146187814425
1 2 1 1 0 1 2,7.916031966282364e-11,0.20531226898932722,0.7946877309315123
1 2 1 1 0 2 2,1.1696557446371817e-09,0.9999999988303443,0.0
1 2 1 2 1 0,0.0,0.000265525377694279,0.9997344746223057
1 2 1 2 1 0 1 2,2.537412300891608e-06,3.763094372363226e-05,0.9999598316439755
1 2 1 2 1 0 2 2,1.0108894561451809e-09,0.9999999989891106,0.0
1 2 1 2 2 1 0,0.0,1.4790786621505978e-06,0.9999985209213379
1 2 1 2 2 1 0 1 2,0.0008834334574944055,0.0008834334574944055,0.9982331330850112
1 2 1 2 2 1 0 2 2,1.9600042636153374e-09,0.9999999980399957,0.0
1 2 2 1 0,0.0,9.568787134402393e-07,0.9999990431212865
1 2 2 1 0 1 2,0.0009629449246417083,0.0009629449246417083,0.9980741101507166
1 2 2 1 0 2 2,1.3821335734416452e-09,0.9999999986178665,0.0
1 2 2 2 1 0,0.0,4.184541311995585e-07,0.9999995815458688
1 2 2 2 1 0 1 2,0.0011009827455710883,0.0011009827455710883,0.9977980345088577
1 2 2 2 1 0 2 2,6.910664565750953e-10,0.9999999993089336,0.0
2 0,0.0,0.2581380716686798,0.7418619283313201
2 0 1 1 1,0.0,0.9999999689536017,3.104639838405425e-08
2 0 1 1 1 1 2,0.999999996175131,2.609559335124317e-10,3.563912998121775e-09
2 0 1 1 1 2 2,0.9875224871238499,0.012477512876150048,0.0
2 0 1 1 3,0.0,0.4762366220259784,0.5237633779740216
2 0 1 1 3 1 2,5.42282019313758e-10,0.20001247877575964,0.7999875206819583
2 0 1 1 3 2 2,7.396122980066656e-10,0.9999999992603877,0.0
2 0 1 1 4,0.0,0.41524958221348063,0.5847504177865194
2 0 1 1 4 1 2,5.939515413826904e-07,0.6516261456915897,0.3483732603568689
2 0 1 1 4 2 2,0.09324942280949906,0.906750577190501,0.0
2 0 1 1 5,0.0,0.41524958221348063,0.5847504177865194
2 0 1 1 5 1 2,5.939515413826904e-07,0.6516261456915897,0.3483732603568689
2 0 1 1 5 2 2,0.09324942280949906,0.906750577190501,0.0
2 0 1 2,5.716088980213065e-07,0.8462704131666086,0.15372901522449353
2 0 1 2 1 1,0.0,0.9698119138203711,0.03018808617962893
2 0 1 2 1 1 1 2,0.9999793205874222,2.0437486253556653e-10,2.0679208202945508e-05
2 0 1 2 1 1 2 2,0.9999999949455575,5.05444248801791e-09,0.0
2 0 1 2 1 3,0.0,0.009219597937151675,0.9907804020628485
2 0 1 2 1 3 1 2,1.1033304377508289e-08,1.024628284126846e-07,0.9999998865038673
2 0 1 2 1 3 2 2,1.5400379852142454e-10,0.9999999998459961,0.0
2 0 1 2 1 4,0.0,0.989013633613575,0.010986366386425014
2 0 1 2 1 4 1 2,0.4445635009292626,0.5554364910894211,7.981316354605827e-09
2 0 1 2 1 4 2 2,0.9999992355878018,7.644121982928407e-07,0.0
2 0 1 2 1 5,0.0,0.989013633613575,0.010986366386425014
2 0 1 2 1 5 1 2,0.4445635009292626,0.5554364910894211,7.981316354605827e-09
2 0 1 2 1 5 2 2,0.9999992355878018,7.644121982928407e-07,0.0
2 0 1 2 2 1 1,0.0,0.9948520492743065,0.005147950725693508
2 0 1 2 2 1 1 1 2,0.9999999439283593,2.4119442356451287e-09,5.365969643231623e-08
2 0 1 2 2 1 1 2 2,0.9999998368347122,1.6316528787014686e-07,0.0
2 0 1 2 2 1 3,0.0,0.9999988401505848,1.1598494152123445e-06
2 0 1 2 2 1 3 1 2,5.599785575569134e-10,5.599785575569134e-10,0.999999998880043
2 0 1 2 2 1 3 2 2,0.0007242033759575469,0.9992757966240425,0.0
2 0 1 2 2 1 4,0.0,1.2300057506814647e-06,0.9999987699942493
2 0 1 2 2 1 4 1 2,0.23106686148406366,0.7143771121988776,0.0545560263170588
2 0 1 2 2 1 4 2 2,0.999984491709516,1.550829048405625e-05,0.0
2 0 1 2 2 1 5,0.0,1.2300057506814647e-06,0.9999987699942493
2 0 1 2 2 1 5 1 2,0.23106686148406366,0.7143771121988776,0.0545560263170588
2 0 1 2 2 1 5 2 2,0.999984491709516,1.550829048405625e-05,0.0
2 0 2 1 1,0.0,0.9926752157427071,0.007324784257292854
2 0 2 1 1 1 2,0.9999999957830076,9.052526235858057e-11,4.12646704312145e-09
2 0 2 1 1 2 2,0.9999999815976455,1.8402354496482e-08,0.0
2 0 2 1 3,0.0,0.5123719389577411,0.4876280610422588
2 0 2 1 3 1 2,1.7538467177724158e-10,1.7538467177724158e-10,0.9999999996492306
2 0 2 1 3 2 2,2.7642641447838456e-10,0.9999999997235736,0.0
2 0 2 1 4,0.0,0.5619552827122061,0.4380447172877939
2 0 2 1 4 1 2,0.47024971495541334,0.5289298080621264,0.00082047698246026
2 0 2 1 4 2 2,0.7966430052293465,0.20335699477065355,0.0
2 0 2 1 5,0.0,0.5619552827122061,0.4380447172877939
2 0 2 1 5 1 2,0.47024971495541334,0.5289298080621264,0.00082047698246026
2 0 2 1 5 2 2,0.7966430052293465,0.20335699477065355,0.0
2 0 2 2,5.782722241186084e-09,0.9999999942172777,0.0
2 0 2 2 1 1,0.0,0.99999999597452,4.025480020544424e-09
2 0 2 2 1 1 1 2,0.999999993192193,1.9572922141868066e-10,6.612077811573467e-09
2 0 2 2 1 1 2 2,0.9832574902117888,0.016742509788211245,0.0
2 0 2 2 1 3,0.0,4.3535619793801437e-07,0.999999564643802
2 0 2 2 1 3 1 2,0.00010320535837922414,0.00010320535837922414,0.9997935892832416
2 0 2 2 1 3 2 2,6.739666798777095e-11,0.9999999999326034,0.0
2 0 2 2 1 4,0.0,0.8724249950421018,0.1275750049578982
2 0 2 2 1 4 1 2,0.7072747341827409,0.2927252612317873,4.585471732008429e-09
2 0 2 2 1 4 2 2,0.9999999669402447,3.30597552295149e-08,0.0
2 0 2 2 1 5,0.0,0.8724249950421018,0.1275750049578982
2 0 2 2 1 5 1 2,0.7072747341827409,0.2927252612317873,4.585471732008429e-09
2 0 2 2 1 5 2 2,0.9999999669402447,3.30597552295149e-08,0.0
2 1 1 1 0,0.0,0.9999999689536017,3.104639838405425e-08
2 1 1 1 0 1 2,0.999999996175131,2.609559335124317e-10,3.563912998121775e-09
2 1 1 1 0 2 2,0.9875224871238499,0.012477512876150048,0.0
2 1 1 2 1 0,0.0,0.9698119138203711,0.03018808617962893
2 1 1 2 1 0 1 2,0.9999793205874222,2.0437486253556653e-10,2.0679208202945508e-05
2 1 1 2 1 0 2 2,0.9999999949455575,5.05444248801791e-09,0.0
2 1 1 2 2 1 0,0.0,0.9948520492743065,0.005147950725693508
2 1 1 2 2 1 0 1 2,0.9999999439283593,2.4119442356451287e-09,5.365969643231623e-08
2 1 1 2 2 1 0 2 2,0.9999998368347122,1.6316528787014686e-07,0.0
2 1 2 1 0,0.0,0.9926752157427071,0.007324784257292854
2 1 2 1 0 1 2,0.9999999957830076,9.052526235858057e-11,4.12646704312145e-09
2 1 2 1 0 2 2,0.9999999815976455,1.8402354496482e-08,0.0
2 1 2 2 1 0,0.0,0.99999999597452,4.025480020544424e-09
2 1 2 2 1 0 1 2,0.999999993192193,1.9572922141868066e-10,6.612077811573467e-09
2 1 2 2 1 0 2 2,0.9832574902117888,0.016742509788211245,0.0
3 0,0.0,0.2581380716686798,0.7418619283313201
3 0 1 1 1,0.0,0.9999999689536017,3.104639838405425e-08
3 0 1 1 1 1 2,0.999999996175131,2.609559335124317e-10,3.563912998121775e-09
3 0 1 1 1 2 2,0.9875224871238499,0.012477512876150048,0.0
3 0 1 1 2,0.0,0.4762366220259784,0.5237633779740216
3 0 1 1 2 1 2,5.42282019313758e-10,0.20001247877575964,0.7999875206819583
3 0 1 1 2 2 2,7.396122980066656e-10,0.9999999992603877,0.0
3 0 1 1 4,0.0,0.41524958221348063,0.5847504177865194
3 0 1 1 4 1 2,5.939515413826904e-07,0.6516261456915897,0.3483732603568689
3 0 1 1 4 2 2,0.09324942280949906,0.906750577190501,0.0
3 0 1 1 5,0.0,0.41524958221348063,0.5847504177865194
3 0 1 1 5 1 2,5.939515413826904e-07,0.6516261456915897,0.3483732603568689
3 0 1 1 5 2 2,0.09324942280949906,0.906750577190501,0.0
3 0 1 2,5.716088980213065e-07,0.8462704131666086,0.15372901522449353
3 0 1 2 1 1,0.0,0.9698119138203711,0.03018808617962893
3 0 1 2 1 1 1 2,0.9999793205874222,2.0437486253556653e-10,2.0679208202945508e-05
3 0 1 2 1 1 2 2,0.9999999949455575,5.05444248801791e-09,0.0
3 0 1 2 1 2,0.0,0.009219597937151675,0.9907804020628485
3 0 1 2 1 2 1 2,1.1033304377508289e-08,1.024628284126846e-07,0.9999998865038673
3 0 1 2 1 2 2 2,1.5400379852142454e-10,0.9999999998459961,0.0
3 0 1 2 1 4,0.0,0.989013633613575,0.010986366386425014
3 0 1 2 1 4 1 2,0.4445635009292626,0.5554364910894211,7.981316354605827e-09
3 0 1 2 1 4 2 2,0.9999992355878018,7.644121982928407e-07,0.0
3 0 1 2 1 5,0.0,0.989013633613575,0.010986366386425014
3 0 1 2 1 5 1 2,0.4445635009292626,0.5554364910894211,7.981316354605827e-09
3 0 1 2 1 5 2 2,0.9999992355878018,7.644121982928407e-07,0.0
3 0 1 2 2 1 1,0.0,0.9948520492743065,0.005147950725693508
3 0 1 2 2 1 1 1 2,0.9999999439283593,2.4119442356451287e-09,5.365969643231623e-08
3 0 1 2 2 1 1 2 2,0.9999998368347122,1.6316528787014686e-07,0.0
3 0 1 2 2 1 2,0.0,0.9999988401505848,1.1598494152123445e-06
3 0 1 2 2 1 2 1 2,5.599785575569134e-10,5.599785575569134e-10,0.999999998880043
3 0 1 2 2 1 2 2 2,0.0007242033759575469,0.9992757966240425,0.0
3 0 1 2 2 1 4,0.0,1.2300057506814647e-06,0.9999987699942493
3 0 1 2 2 1 4 1 2,0.23106686148406366,0.7143771121988776,0.0545560263170588
3 0 1 2 2 1 4 2 2,0.999984491709516,1.550829048405625e-05,0.0
3 0 1 2 2 1 5,0.0,1.2300057506814647e-06,0.9999987699942493
3 0 1 2 2 1 5 1 2,0.23106686148406366,0.7143771121988776,0.0545560263170588
3 0 1 2 2 1 5 2 2,0.999984491709516,1.550829048405625e-05,0.0
3 0 2 1 1,0.0,0.9926752157427071,0.007324784257292854
3 0 2 1 1 1 2,0.9999999957830076,9.052526235858057e-11,4.12646704312145e-09
3 0 2 1 1 2 2,0.9999999815976455,1.8402354496482e-08,0.0
3 0 2 1 2,0.0,0.5123719389577411,0.4876280610422588
3 0 2 1 2 1 2,1.7538467177724158e-10,1.7538467177724158e-10,0.9999999996492306
3 0 2 1 2 2 2,2.7642641447838456e-10,0.9999999997235736,0.0
3 0 2 1 4,0.0,0.5619552827122061,0.4380447172877939
3 0 2 1 4 1 2,0.47024971495541334,0.5289298080621264,0.00082047698246026
3 0 2 1 4 2 2,0.7966430052293465,0.20335699477065355,0.0
3 0 2 1 5,0.0,0.5619552827122061,0.4380447172877939
3 0 2 1 5 1 2,0.47024971495541334,0.5289298080621264,0.00082047698246026
3 0 2 1 5 2 2,0.7966430052293465,0.20335699477065355,0.0
3 0 2 2,5.782722241186084e-09,0.9999999942172777,0.0
3 0 2 2 1 1,0.0,0.99999999597452,4.025480020544424e-09
3 0 2 2 1 1 1 2,0.999999993192193,1.9572922141868066e-10,6.612077811573467e-09
3 0 2 2 1 1 2 2,0.9832574902117888,0.016742509788211245,0.0
3 0 2 2 1 2,0.0,4.3535619793801437e-07,0.999999564643802
3 0 2 2 1 2 1 2,0.00010320535837922414,0.00010320535837922414,0.9997935892832416
3 0 2 2 1 2 2 2,6.739666798777095e-11,0.9999999999326034,0.0
3 0 2 2 1 4,0.0,0.8724249950421018,0.1275750049578982
3 0 2 2 1 4 1 2,0.7072747341827409,0.2927252612317873,4.585471732008429e-09
3 0 2 2 1 4 2 2,0.9999999669402447,3.30597552295149e-08,0.0
3 0 2 2 1 5,0.0,0.8724249950421018,0.1275750049578982
3 0 2 2 1 5 1 2,0.7072747341827409,0.2927252612317873,4.585471732008429e-09
3 0 2 2 1 5 2 2,0.9999999669402447,3.30597552295149e-08,0.0
3 1 1 1 0,0.0,0.9999999689536017,3.104639838405425e-08
3 1 1 1 0 1 2,0.999999996175131,2.609559335124317e-10,3.563912998121775e-09
3 1 1 1 0 2 2,0.9875224871238499,0.012477512876150048,0.0
3 1 1 2 1 0,0.0,0.9698119138203711,0.03018808617962893
3 1 1 2 1 0 1 2,0.9999793205874222,2.0437486253556653e-10,2.0679208202945508e-05
3 1 1 2 1 0 2 2,0.9999999949455575,5.05444248801791e-09,0.0
3 1 1 2 2 1 0,0.0,0.9948520492743065,0.005147950725693508
3 1 1 2 2 1 0 1 2,0.9999999439283593,2.4119442356451287e-09,5.365969643231623e-08
3 1 1 2 2 1 0 2 2,0.9999998368347122,1.6316528787014686e-07,0.0
3 1 2 1 0,0.0,0.9926752157427071,0.007324784257292854
3 1 2 1 0 1 2,0.9999999957830076,9.052526235858057e-11,4.12646704312145e-09
3 1 2 1 0 2 2,0.9999999815976455,1.8402354496482e-08,0.0
3 1 2 2 1 0,0.0,0.99999999597452,4.025480020544424e-09
3 1 2 2 1 0 1 2,0.999999993192193,1.9572922141868066e-10,6.612077811573467e-09
3 1 2 2 1 0 2 2,0.9832574902117888,0.016742509788211245,0.0
4 0,0.0,0.24808696666253008,0.75191303333747
4 0 1 1 1,0.0,0.9999999987217293,1.2782707740655825e-09
4 0 1 1 1 1 2,0.9999999930024143,2.7561975316678415e-10,6.721966174559917e-09
4 0 1 1 1 2 2,0.5372100694061714,0.46278993059382856,0.0
4 0 1 1 2,0.0,0.9999999984786235,1.5213764698944168e-09
4 0 1 1 2 1 2,0.5807964617060548,0.41920352763286306,1.0661082049906933e-08
4 0 1 1 2 2 2,0.5962493110299413,0.4037506889700587,0.0
4 0 1 1 3,0.0,0.9999999984786235,1.5213764698944168e-09
4 0 1 1 3 1 2,0.5807964617060548,0.41920352763286306,1.0661082049906933e-08
4 0 1 1 3 2 2,0.5962493110299413,0.4037506889700587,0.0
4 0 1 1 5,0.0,6.442147221949518e-08,0.9999999355785277
4 0 1 1 5 1 2,0.004171242709339779,0.004171242709339779,0.9916575145813203
4 0 1 1 5 2 2,4.0307642044753314e-10,0.9999999995969235,0.0
4 0 1 2,5.374351926410065e-10,0.32020061242069636,0.6797993870418685
4 0 1 2 1 1,0.0,0.9999999592226883,4.077731176774592e-08
4 0 1 2 1 1 1 2,1.995132160581808e-09,0.9999999792177464,1.8787121340719298e-08
4 0 1 2 1 1 2 2,0.2297203094095313,0.7702796905904686,0.0
4 0 1 2 1 2,0.0,0.11632668889351393,0.8836733111064861
4 0 1 2 1 2 1 2,0.4520660691335553,0.547933827660387,1.0320605770999296e-07
4 0 1 2 1 2 2 2,0.9999999811559602,1.8844039693315157e-08,0.0
4 0 1 2 1 3,0.0,0.11632668889351393,0.8836733111064861
4 0 1 2 1 3 1 2,0.4520660691335553,0.547933827660387,1.0320605770999296e-07
4 0 1 2 1 3 2 2,0.9999999811559602,1.8844039693315157e-08,0.0
4 0 1 2 1 5,0.0,0.9068436442136504,0.09315635578634972
4 0 1 2 1 5 1 2,3.084752178684797e-10,4.0032158359709646e-10,0.9999999992912031
4 0 1 2 1 5 2 2,4.504343075039686e-09,0.999999995495657,0.0
4 0 1 2 2 1 1,0.0,0.9261122548362472,0.07388774516375288
4 0 1 2 2 1 1 1 2,1.4227560847410076e-10,0.9999999735701764,2.6287547934992195e-08
4 0 1 2 2 1 1 2 2,0.6065553259384766,0.3934446740615234,0.0
4 0 1 2 2 1 2,0.0,0.999999803840965,1.9615903509007634e-07
4 0 1 2 2 1 2 1 2,0.3114783064070763,0.6832538934167656,0.005267800176158099
4 0 1 2 2 1 2 2 2,0.49252294141738623,0.5074770585826138,0.0
4 0 1 2 2 1 3,0.0,0.999999803840965,1.9615903509007634e-07
4 0 1 2 2 1 3 1 2,0.3114783064070763,0.6832538934167656,0.005267800176158099
4 0 1 2 2 1 3 2 2,0.49252294141738623,0.5074770585826138,0.0
4 0 1 2 2 1 5,0.0,1.3852433379426057e-07,0.9999998614756662
4 0 1 2 2 1 5 1 2,0.0009511916135099357,0.0009511916135099357,0.99809761677298
4 0 1 2 2 1 5 2 2,1.9764480423684224e-10,0.9999999998023552,0.0
4 0 2 1 1,0.0,0.9198818384644214,0.08011816153557857
4 0 2 1 1 1 2,1.521900530373741e-07,0.999999830101137,1.7708809899315297e-08
4 0 2 1 1 2 2,0.6862672441885397,0.3137327558114603,0.0
4 0 2 1 2,0.0,0.9999999845344576,1.5465542431542912e-08
4 0 2 1 2 1 2,0.5125404374940724,0.4874595524055681,1.0100359514803054e-08
4 0 2 1 2 2 2,0.49499192652407153,0.5050080734759285,0.0
4 0 2 1 3,0.0,0.9999999845344576,1.5465542431542912e-08
4 0 2 1 3 1 2,0.5125404374940724,0.4874595524055681,1.0100359514803054e-08
4 0 2 1 3 2 2,0.49499192652407153,0.5050080734759285,0.0
4 0 2 1 5,0.0,0.19474848676914724,0.8052515132308528
4 0 2 1 5 1 2,4.5525880131093085e-10,4.5525880131093085e-10,0.9999999990894824
4 0 2 1 5 2 2,1.6515516181008777e-10,0.9999999998348449,0.0
4 0 2 2,2.659828879309104e-10,0.9999999997340171,0.0
4 0 2 2 1 1,0.0,0.9230193406818333,0.0769806593181667
4 0 2 2 1 1 1 2,4.802768412291761e-11,0.9999999669101473,3.304182501223396e-08
4 0 2 2 1 1 2 2,0.5555097066060923,0.4444902933939078,0.0
4 0 2 2 1 2,0.0,0.27706268518263627,0.7229373148173637
4 0 2 2 1 2 1 2,2.532977247992856e-06,0.9999970476440214,4.193787304645048e-07
4 0 2 2 1 2 2 2,0.6065574384318099,0.39344256156819024,0.0
4 0 2 2 1 3,0.0,0.27706268518263627,0.7229373148173637
4 0 2 2 1 3 1 2,2.532977247992856e-06,0.9999970476440214,4.193787304645048e-07
4 0 2 2 1 3 2 2,0.6065574384318099,0.39344256156819024,0.0
4 0 2 2 1 5,0.0,0.46505273008921605,0.5349472699107839
4 0 2 2 1 5 1 2,9.532355895450188e-11,9.532355895450188e-11,0.999999999809353
4 0 2 2 1 5 2 2,1.2430332060860315e-10,0.9999999998756967,0.0
4 1 1 1 0,0.0,0.9999999987217293,1.2782707740655825e-09
4 1 1 1 0 1 2,0.9999999930024143,2.7561975316678415e-10,6.721966174559917e-09
4 1 1 1 0 2 2,0.5372100694061714,0.46278993059382856,0.0
4 1 1 2 1 0,0.0,0.9999999592226883,4.077731176774592e-08
4 1 1 2 1 0 1 2,1.995132160581808e-09,0.9999999792177464,1.8787121340719298e-08
4 1 1 2 1 0 2 2,0.2297203094095313,0.7702796905904686,0.0
4 1 1 2 2 1 0,0.0,0.9261122548362472,0.07388774516375288
4 1 1 2 2 1 0 1 2,1.4227560847410076e-10,0.9999999735701764,2.6287547934992195e-08
4 1 1 2 2 1 0 2 2,0.6065553259384766,0.3934446740615234,0.0
4 1 2 1 0,0.0,0.9198818384644214,0.08011816153557857
4 1 2 1 0 1 2,1.521900530373741e-07,0.999999830101137,1.7708809899315297e-08
4 1 2 1 0 2 2,0.6862672441885397,0.3137327558114603,0.0
4 1 2 2 1 0,0.0,0.9230193406818333,0.0769806593181667
4 1 2 2 1 0 1 2,4.802768412291761e-11,0.9999999669101473,3.304182501223396e-08
4 1 2 2 1 0 2 2,0.5555097066060923,0.4444902933939078,0.0
5 0,0.0,0.24808696666253008,0.75191303333747
5 0 1 1 1,0.0,0.9999999987217293,1.2782707740655825e-09
5 0 1 1 1 1 2,0.9999999930024143,2.7561975316678415e-10,6.721966174559917e-09
5 0 1 1 1 2 2,0.5372100694061714,0.46278993059382856,0.0
5 0 1 1 2,0.0,0.9999999984786235,1.5213764698944168e-09
5 0 1 1 2 1 2,0.5807964617060548,0.41920352763286306,1.0661082049906933e-08
5 0 1 1 2 2 2,0.5962493110299413,0.4037506889700587,0.0
5 0 1 1 3,0.0,0.9999999984786235,1.5213764698944168e-09
5 0 1 1 3 1 2,0.5807964617060548,0.41920352763286306,1.0661082049906933e-08
5 0 1 1 3 2 2,0.5962493110299413,0.4037506889700587,0.0
5 0 1 1 4,0.0,6.442147221949518e-08,0.9999999355785277
5 0 1 1 4 1 2,0.004171242709339779,0.004171242709339779,0.9916575145813203
5 0 1 1 4 2 2,4.0307642044753314e-10,0.9999999995969235,0.0
5 0 1 2,5.374351926410065e-10,0.32020061242069636,0.6797993870418685
5 0 1 2 1 1,0.0,0.9999999592226883,4.077731176774592e-08
5 0 1 2 1 1 1 2,1.995132160581808e-09,0.9999999792177464,1.8787121340719298e-08
5 0 1 2 1 1 2 2,0.2297203094095313,0.7702796905904686,0.0
5 0 1 2 1 2,0.0,0.11632668889351393,0.8836733111064861
5 0 1 2 1 2 1 2,0.4520660691335553,0.547933827660387,1.0320605770999296e-07
5 0 1 2 1 2 2 2,0.9999999811559602,1.8844039693315157e-08,0.0
5 0 1 2 1 3,0.0,0.11632668889351393,0.8836733111064861
5 0 1 2 1 3 1 2,0.4520660691335553,0.547933827660387,1.0320605770999296e-07
5 0 1 2 1 3 2 2,0.9999999811559602,1.8844039693315157e-08,0.0
5 0 1 2 1 4,0.0,0.9068436442136504,0.09315635578634972
5 0 1 2 1 4 1 2,3.084752178684797e-10,4.0032158359709646e-10,0.9999999992912031
5 0 1 2 1 4 2 2,4.504343075039686e-09,0.999999995495657,0.0
5 0 1 2 2 1 1,0.0,0.9261122548362472,0.07388774516375288
5 0 1 2 2 1 1 1 2,1.4227560847410076e-10,0.9999999735701764,2.6287547934992195e-08
5 0 1 2 2 1 1 2 2,0.6065553259384766,0.3934446740615234,0.0
5 0 1 2 2 1 2,0.0,0.999999803840965,1.9615903509007634e-07
5 0 1 2 2 1 2 1 2,0.3114783064070763,0.6832538934167656,0.005267800176158099
5 0 1 2 2 1 2 2 2,0.49252294141738623,0.5074770585826138,0.0
5 0 1 2 2 1 3,0.0,0.999999803840965,1.9615903509007634e-07
5 0 1 2 2 1 3 1 2,0.3114783064070763,0.6832538934167656,0.005267800176158099
5 0 1 2 2 1 3 2 2,0.49252294141738623,0.5074770585826138,0.0
5 0 1 2 2 1 4,0.0,1.3852433379426057e-07,0.9999998614756662
5 0 1 2 2 1 4 1 2,0.0009511916135099357,0.0009511916135099357,0.99809761677298
5 0 1 2 2 1 4 2 2,1.9764480423684224e-10,0.9999999998023552,0.0
5 0 2 1 1,0.0,0.9198818384644214,0.08011816153557857
5 0 2 1 1 1 2,1.521900530373741e-07,0.999999830101137,1.7708809899315297e-08
5 0 2 1 1 2 2,0.6862672441885397,0.3137327558114603,0.0
5 0 2 1 2,0.0,0.9999999845344576,1.5465542431542912e-08
5 0 2 1 2 1 2,0.5125404374940724,0.4874595524055681,1.0100359514803054e-08
5 0 2 1 2 2 2,0.49499192652407153,0.5050080734759285,0.0
5 0 2 1 3,0.0,0.9999999845344576,1.5465542431542912e-08
5 0 2 1 3 1 2,0.5125404374940724,0.4874595524055681,1.0100359514803054e-08
5 0 2 1 3 2 2,0.49499192652407153,0.5050080734759285,0.0
5 0 2 1 4,0.0,0.19474848676914724,0.8052515132308528
5 0 2 1 4 1 2,4.5525880131093085e-10,4.5525880131093085e-10,0.9999999990894824
5 0 2 1 4 2 2,1.6515516181008777e-10,0.9999999998348449,0.0
5 0 2 2,2.659828879309104e-10,0.9999999997340171,0.0
5 0 2 2 1 1,0.0,0.9230193406818333,0.0769806593181667
5 0 2 2 1 1 1 2,4.802768412291761e-11,0.9999999669101473,3.304182501223396e-08
5 0 2 2 1 1 2 2,0.5555097066060923,0.4444902933939078,0.0
5 0 2 2 1 2,0.0,0.27706268518263627,0.7229373148173637
5 0 2 2 1 2 1 2,2.532977247992856e-06,0.9999970476440214,4.193787304645048e-07
5 0 2 2 1 2 2 2,0.6065574384318099,0.39344256156819024,0.0
5 0 2 2 1 3,0.0,0.27706268518263627,0.7229373148173637
5 0 2 2 1 3 1 2,2.532977247992856e-06,0.9999970476440214,4.193787304645048e-07
5 0 2 2 1 3 2 2,0.6065574384318099,0.39344256156819024,0.0
5 0 2 2 1 4,0.0,0.46505273008921605,0.5349472699107839
5 0 2 2 1 4 1 2,9.532355895450188e-11,9.532355895450188e-11,0.999999999809353
5 0 2 2 1 4 2 2,1.2430332060860315e-10,0.9999999998756967,0.0
5 1 1 1 0,0.0,0.9999999987217293,1.2782707740655825e-09
5 1 1 1 0 1 2,0.9999999930024143,2.7561975316678415e-10,6.721966174559917e-09
5 1 1 1 0 2 2,0.5372100694061714,0.46278993059382856,0.0
5 1 1 2 1 0,0.0,0.9999999592226883,4.077731176774592e-08
5 1 1 2 1 0 1 2,1.995132160581808e-09,0.9999999792177464,1.8787121340719298e-08
5 1 1 2 1 0 2 2,0.2297203094095313,0.7702796905904686,0.0
5 1 1 2 2 1 0,0.0,0.9261122548362472,0.07388774516375288
5 1 1 2 2 1 0 1 2,1.4227560847410076e-10,0.9999999735701764,2.6287547934992195e-08
5 1 1 2 2 1 0 2 2,0.6065553259384766,0.3934446740615234,0.0
5 1 2 1 0,0.0,0.9198818384644214,0.08011816153557857
5 1 2 1 0 1 2,1.521900530373741e-07,0.999999830101137,1.7708809899315297e-08
5 1 2 1 0 2 2,0.6862672441885397,0.3137327558114603,0.0
5 1 2 2 1 0,0.0,0.9230193406818333,0.0769806593181667
5 1 2 2 1 0 1 2,4.802768412291761e-11,0.9999999669101473,3.304182501223396e-08
5 1 2 2 1 0 2 2,0.5555097066060923,0.4444902933939078,0.0
0 1 1,0.0,0.7008607295091767,0.2991392704908234
0 1 1 1 2 1,0.0,0.9285714502351012,0.07142854976489882
0 1 1 1 2 1 2 2,0.9999999980024955,1.9975044487654267e-09,0.0
0 1 1 1 2 2,0.9642857443234975,1.7071168145972902e-09,0.03571425396938576
0 1 1 1 3 1,0.0,0.9285714502351012,0.07142854976489882
0 1 1 1 3 1 2 2,0.9999999980024955,1.9975044487654267e-09,0.0
0 1 1 1 3 2,0.9642857443234975,1.7071168145972902e-09,0.03571425396938576
0 1 1 1 4 1,0.0,0.9926362708529036,0.007363729147096321
0 1 1 1 4 1 2 2,0.9999999806241046,1.9375895429357623e-08,0.0
0 1 1 1 4 2,0.999999989055708,4.805963614143172e-10,1.0463695682966359e-08
0 1 1 1 5 1,0.0,0.9926362708529036,0.007363729147096321
0 1 1 1 5 1 2 2,0.9999999806241046,1.9375895429357623e-08,0.0
0 1 1 1 5 2,0.999999989055708,4.805963614143172e-10,1.0463695682966359e-08
0 1 1 2 1 2 1,0.0,0.6167117004067333,0.3832882995932668
0 1 1 2 1 2 1 2 2,0.9999999042697028,9.573029716978847e-08,0.0
0 1 1 2 1 2 2,0.8633022214179378,5.482931521830777e-09,0.13669777309913064
0 1 1 2 1 3 1,0.0,0.6167117004067333,0.3832882995932668
0 1 1 2 1 3 1 2 2,0.9999999042697028,9.573029716978847e-08,0.0
0 1 1 2 1 3 2,0.8633022214179378,5.482931521830777e-09,0.13669777309913064
0 1 1 2 1 4 1,0.0,0.44095772103896524,0.5590422789610348
0 1 1 2 1 4 1 2 2,0.9999999994020385,5.979615104679734e-10,0.0
0 1 1 2 1 4 2,0.9869788187057801,1.047545120911242e-08,0.013021170818768767
0 1 1 2 1 5 1,0.0,0.44095772103896524,0.5590422789610348
0 1 1 2 1 5 1 2 2,0.9999999994020385,5.979615104679734e-10,0.0
0 1 1 2 1 5 2,0.9869788187057801,1.047545120911242e-08,0.013021170818768767
0 1 1 2 2,1.2788514695357582e-08,0.9999999872114853,0.0
0 1 1 2 2 1 2 1,0.0,0.965863820403709,0.03413617959629102
0 1 1 2 2 1 2 1 2 2,0.9999999340080251,6.5991974992229e-08,0.0
0 1 1 2 2 1 2 2,0.8869250590886077,2.2285717987867496e-10,0.11307494068853516
0 1 1 2 2 1 3 1,0.0,0.965863820403709,0.03413617959629102
0 1 1 2 2 1 3 1 2 2,0.9999999340080251,6.5991974992229e-08,0.0
0 1 1 2 2 1 3 2,0.8869250590886077,2.2285717987867496e-10,0.11307494068853516
0 1 1 2 2 1 4 1,0.0,0.48289959493909007,0.5171004050609099
0 1 1 2 2 1 4 1 2 2,0.9999999995432015,4.567985056383431e-10,0.0
0 1 1 2 2 1 4 2,0.7850303948508918,2.228571798786761e-10,0.2149696049262511
0 1 1 2 2 1 5 1,0.0,0.48289959493909007,0.5171004050609099
0 1 1 2 2 1 5 1 2 2,0.9999999995432015,4.567985056383431e-10,0.0
0 1 1 2 2 1 5 2,0.7850303948508918,2.228571798786761e-10,0.2149696049262511
0 1 2,0.8190494321390697,0.12582323486634273,0.05512733299458768
0 1 2 1 2 1,0.0,8.043567832384551e-07,0.9999991956432167
0 1 2 1 2 1 2 2,0.999999998410499,1.5895010262667608e-09,0.0
0 1 2 1 2 2,0.999999995660371,2.1193329969877714e-09,2.2202959405455653e-09
0 1 2 1 3 1,0.0,8.043567832384551e-07,0.9999991956432167
0 1 2 1 3 1 2 2,0.999999998410499,1.5895010262667608e-09,0.0
0 1 2 1 3 2,0.999999995660371,2.1193329969877714e-09,2.2202959405455653e-09
0 1 2 1 4 1,0.0,0.6213079907872379,0.3786920092127621
0 1 2 1 4 1 2 2,0.9999999958026583,4.197341663071365e-09,0.0
0 1 2 1 4 2,0.63183626798212,2.119332996987971e-09,0.36816372989854707
0 1 2 1 5 1,0.0,0.6213079907872379,0.3786920092127621
0 1 2 1 5 1 2 2,0.9999999958026583,4.197341663071365e-09,0.0
0 1 2 1 5 2,0.63183626798212,2.119332996987971e-09,0.36816372989854707
0 1 2 2 1 2 1,0.0,0.9999992589097295,7.410902704757881e-07
0 1 2 2 1 2 1 2 2,0.9951046559937549,0.004895344006245117,0.0
0 1 2 2 1 2 2,0.5736055500405767,6.025896308334898e-09,0.42639444393352716
0 1 2 2 1 3 1,0.0,0.9999992589097295,7.410902704757881e-07
0 1 2 2 1 3 1 2 2,0.9951046559937549,0.004895344006245117,0.0
0 1 2 2 1 3 2,0.5736055500405767,6.025896308334898e-09,0.42639444393352716
0 1 2 2 1 4 1,0.0,1.4652594439933422e-07,0.9999998534740556
0 1 2 2 1 4 1 2 2,0.9999999956714906,4.328509373548869e-09,0.0
0 1 2 2 1 4 2,0.6879746266042861,4.837189084880365e-09,0.3120253685585249
0 1 2 2 1 5 1,0.0,1.4652594439933422e-07,0.9999998534740556
0 1 2 2 1 5 1 2 2,0.9999999956714906,4.328509373548869e-09,0.0
0 1 2 2 1 5 2,0.6879746266042861,4.837189084880365e-09,0.3120253685585249
0 2 1,0.0,0.15018439112812085,0.8498156088718791
0 2 1 1 1 1,0.0,0.9999999800955773,1.9904422603622406e-08
0 2 1 1 1 1 2 2,0.9665483971438161,0.03345160285618386,0.0
0 2 1 1 1 2,0.9999999982244405,8.877797866907011e-10,8.877797866907011e-10
0 2 1 1 3 1,0.0,1.3316696800360517e-09,0.9999999986683303
0 2 1 1 3 1 2 2,6.658348409046979e-10,0.9999999993341652,0.0
0 2 1 1 3 2,4.438898933453544e-09,0.08429435830925228,0.9157056372518487
0 2 1 1 4 1,0.0,0.6821941344404262,0.31780586555957385
0 2 1 1 4 1 2 2,2.599423465796828e-09,0.9999999974005765,0.0
0 2 1 1 4 2,0.27491401588191006,0.7250859084494926,7.566859733680044e-08
0 2 1 1 5 1,0.0,0.6821941344404262,0.31780586555957385
0 2 1 1 5 1 2 2,2.599423465796828e-09,0.9999999974005765,0.0
0 2 1 1 5 2,0.27491401588191006,0.7250859084494926,7.566859733680044e-08
0 2 1 2 1 1 1,0.0,0.4587197003457867,0.5412802996542133
0 2 1 2 1 1 1 2 2,0.9999206370963257,7.936290367422236e-05,0.0
0 2 1 2 1 1 2,0.9999999909753093,2.42435407825468e-09,6.600336616717472e-09
0 2 1 2 1 3 1,0.0,4.247273253784011e-10,0.9999999995752726
0 2 1 2 1 3 1 2 2,1.1767023226981634e-10,0.9999999998823298,0.0
0 2 1 2 1 3 2,3.5255181473574594e-10,4.0156127729420445e-09,0.9999999956318355
0 2 1 2 1 4 1,0.0,0.7429365216191656,0.2570634783808344
0 2 1 2 1 4 1 2 2,0.9999992203273379,7.796726621049053e-07,0.0
0 2 1 2 1 4 2,0.555317983252483,0.44468184810864136,1.6863887551626425e-07
0 2 1 2 1 5 1,0.0,0.7429365216191656,0.2570634783808344
0 2 1 2 1 5 1 2 2,0.9999992203273379,7.796726621049053e-07,0.0
0 2 1 2 1 5 2,0.555317983252483,0.44468184810864136,1.6863887551626425e-07
0 2 1 2 2,2.353404644396756e-10,0.9999999997646596,0.0
0 2 1 2 2 1 1 1,0.0,0.9999999987564188,1.2435811604718223e-09
0 2 1 2 2 1 1 1 2 2,0.48571663946698057,0.5142833605330195,0.0
0 2 1 2 2 1 1 2,0.9800864326380968,1.9548543606903493e-10,0.01991356716641789
0 2 1 2 2 1 3 1,0.0,7.543190399253659e-10,0.999999999245681
0 2 1 2 2 1 3 1 2 2,1.7139070976382887e-10,0.9999999998286092,0.0
0 2 1 2 2 1 3 2,7.844682149835598e-11,0.38072270209922476,0.6192772978223283
0 2 1 2 2 1 4 1,0.0,0.8675615023240929,0.13243849767590704
0 2 1 2 2 1 4 1 2 2,0.4537391837898116,0.5462608162101883,0.0
0 2 1 2 2 1 4 2,0.72112947777074,0.27887049529206154,2.6937198458789128e-08
0 2 1 2 2 1 5 1,0.0,0.8675615023240929,0.13243849767590704
0 2 1 2 2 1 5 1 2 2,0.4537391837898116,0.5462608162101883,0.0
0 2 1 2 2 1 5 2,0.72112947777074,0.27887049529206154,2.6937198458789128e-08
0 2 2,1.738346705701841e-07,0.6291157492122297,0.37088407695309983
0 2 2 1 1 1,0.0,0.9999999810370033,1.8962996702461613e-08
0 2 2 1 1 1 2 2,0.9832357633472015,0.01676423665279851,0.0
0 2 2 1 1 2,0.9808701247223465,4.2386688582174406e-10,0.01912987485378668
0 2 2 1 3 1,0.0,1.0626345525131621e-09,0.9999999989373655
0 2 2 1 3 1 2 2,3.17900164704116e-10,0.9999999996820998,0.0
0 2 2 1 3 2,4.2386688582174974e-10,0.222121811401878,0.7778781881742551
0 2 2 1 4 1,0.0,0.6213262396781576,0.3786737603218425
0 2 2 1 4 1 2 2,0.9999990408067425,9.591932575018078e-07,0.0
0 2 2 1 4 2,0.6928528951268947,0.30714709424764824,1.0625457025591014e-08
0 2 2 1 5 1,0.0,0.6213262396781576,0.3786737603218425
0 2 2 1 5 1 2 2,0.9999990408067425,9.591932575018078e-07,0.0
0 2 2 1 5 2,0.6928528951268947,0.30714709424764824,1.0625457025591014e-08
0 2 2 2 1 1 1,0.0,0.9999999989215175,1.0784825367700724e-09
0 2 2 2 1 1 1 2 2,0.5,0.5,0.0
0 2 2 2 1 1 2,0.9999999104369155,1.185214848806015e-09,8.837786967210422e-08
0 2 2 2 1 3 1,0.0,1.634516701288701e-09,0.9999999983654833
0 2 2 2 1 3 1 2 2,5.39241269266435e-10,0.9999999994607587,0.0
0 2 2 2 1 3 2,7.189883578467151e-10,1.1451270447108705e-09,0.9999999981358846
0 2 2 2 1 4 1,0.0,0.5746475542577657,0.42535244574223435
0 2 2 2 1 4 1 2 2,0.9500955033439151,0.049904496656084894,0.0
0 2 2 2 1 4 2,0.4975402041956758,0.5024597774897113,1.831461292495427e-08
0 2 2 2 1 5 1,0.0,0.5746475542577657,0.42535244574223435
0 2 2 2 1 5 1 2 2,0.9500955033439151,0.049904496656084894,0.0
0 2 2 2 1 5 2,0.4975402041956758,0.5024597774897113,1.831461292495427e-08
0 3 1,0.0,0.15018439112812085,0.8498156088718791
0 3 1 1 1 1,0.0,0.9999999800955773,1.9904422603622406e-08
0 3 1 1 1 1 2 2,0.9665483971438161,0.03345160285618386,0.0
0 3 1 1 1 2,0.9999999982244405,8.877797866907011e-10,8.877797866907011e-10
0 3 1 1 2 1,0.0,1.3316696800360517e-09,0.9999999986683303
0 3 1 1 2 1 2 2,6.658348409046979e-10,0.9999999993341652,0.0
0 3 1 1 2 2,4.438898933453544e-09,0.08429435830925228,0.9157056372518487
0 3 1 1 4 1,0.0,0.6821941344404262,0.31780586555957385
0 3 1 1 4 1 2 2,2.599423465796828e-09,0.9999999974005765,0.0
0 3 1 1 4 2,0.27491401588191006,0.7250859084494926,7.566859733680044e-08
0 3 1 1 5 1,0.0,0.6821941344404262,0.31780586555957385
0 3 1 1 5 1 2 2,2.599423465796828e-09,0.9999999974005765,0.0
0 3 1 1 5 2,0.27491401588191006,0.7250859084494926,7.566859733680044e-08
0 3 1 2 1 1 1,0.0,0.4587197003457867,0.5412802996542133
0 3 1 2 1 1 1 2 2,0.9999206370963257,7.936290367422236e-05,0.0
0 3 1 2 1 1 2,0.9999999909753093,2.42435407825468e-09,6.600336616717472e-09
0 3 1 2 1 2 1,0.0,4.247273253784011e-10,0.9999999995752726
0 3 1 2 1 2 1 2 2,1.1767023226981634e-10,0.9999999998823298,0.0
0 3 1 2 1 2 2,3.5255181473574594e-10,4.0156127729420445e-09,0.9999999956318355
0 3 1 2 1 4 1,0.0,0.7429365216191656,0.2570634783808344
0 3 1 2 1 4 1 2 2,0.9999992203273379,7.796726621049053e-07,0.0
0 3 1 2 1 4 2,0.555317983252483,0.44468184810864136,1.6863887551626425e-07
0 3 1 2 1 5 1,0.0,0.7429365216191656,0.2570634783808344
0 3 1 2 1 5 1 2 2,0.9999992203273379,7.796726621049053e-07,0.0
0 3 1 2 1 5 2,0.555317983252483,0.44468184810864136,1.6863887551626425e-07
0 3 1 2 2,2.353404644396756e-10,0.9999999997646596,0.0
0 3 1 2 2 1 1 1,0.0,0.9999999987564188,1.2435811604718223e-09
0 3 1 2 2 1 1 1 2 2,0.48571663946698057,0.5142833605330195,0.0
0 3 1 2 2 1 1 2,0.9800864326380968,1.9548543606903493e-10,0.01991356716641789
0 3 1 2 2 1 2 1,0.0,7.543190399253659e-10,0.999999999245681
0 3 1 2 2 1 2 1 2 2,1.7139070976382887e-10,0.9999999998286092,0.0
0 3 1 2 2 1 2 2,7.844682149835598e-11,0.38072270209922476,0.6192772978223283
0 3 1 2 2 1 4 1,0.0,0.8675615023240929,0.13243849767590704
0 3 1 2 2 1 4 1 2 2,0.4537391837898116,0.5462608162101883,0.0
0 3 1 2 2 1 4 2,0.72112947777074,0.27887049529206154,2.6937198458789128e-08
0 3 1 2 2 1 5 1,0.0,0.8675615023240929,0.13243849767590704
0 3 1 2 2 1 5 1 2 2,0.4537391837898116,0.5462608162101883,0.0
0 3 1 2 2 1 5 2,0.72112947777074,0.27887049529206154,2.6937198458789128e-08
0 3 2,1.738346705701841e-07,0.6291157492122297,0.37088407695309983
0 3 2 1 1 1,0.0,0.9999999810370033,1.8962996702461613e-08
0 3 2 1 1 1 2 2,0.9832357633472015,0.01676423665279851,0.0
0 3 2 1 1 2,0.9808701247223465,4.2386688582174406e-10,0.01912987485378668
0 3 2 1 2 1,0.0,1.0626345525131621e-09,0.9999999989373655
0 3 2 1 2 1 2 2,3.17900164704116e-10,0.9999999996820998,0.0
0 3 2 1 2 2,4.2386688582174974e-10,0.222121811401878,0.7778781881742551
0 3 2 1 4 1,0.0,0.6213262396781576,0.3786737603218425
0 3 2 1 4 1 2 2,0.9999990408067425,9.591932575018078e-07,0.0
0 3 2 1 4 2,0.6928528951268947,0.30714709424764824,1.0625457025591014e-08
0 3 2 1 5 1,0.0,0.6213262396781576,0.3786737603218425
0 3 2 1 5 1 2 2,0.9999990408067425,9.591932575018078e-07,0.0
0 3 2 1 5 2,0.6928528951268947,0.30714709424764824,1.0625457025591014e-08
0 3 2 2 1 1 1,0.0,0.9999999989215175,1.0784825367700724e-09
0 3 2 2 1 1 1 2 2,0.5,0.5,0.0
0 3 2 2 1 1 2,0.9999999104369155,1.185214848806015e-09,8.837786967210422e-08
0 3 2 2 1 2 1,0.0,1.634516701288701e-09,0.9999999983654833
0 3 2 2 1 2 1 2 2,5.39241269266435e-10,0.9999999994607587,0.0
0 3 2 2 1 2 2,7.189883578467151e-10,1.1451270447108705e-09,0.9999999981358846
0 3 2 2 1 4 1,0.0,0.5746475542577657,0.42535244574223435
0 3 2 2 1 4 1 2 2,0.9500955033439151,0.049904496656084894,0.0
0 3 2 2 1 4 2,0.4975402041956758,0.5024597774897113,1.831461292495427e-08
0 3 2 2 1 5 1,0.0,0.5746475542577657,0.42535244574223435
0 3 2 2 1 5 1 2 2,0.9500955033439151,0.049904496656084894,0.0
0 3 2 2 1 5 2,0.4975402041956758,0.5024597774897113,1.831461292495427e-08
0 4 1,0.0,5.200093693662524e-08,0.9999999479990631
0 4 1 1 1 1,0.0,0.9891218525312493,0.010878147468750763
0 4 1 1 1 1 2 2,0.17677677372236203,0.823223226277638,0.0
0 4 1 1 1 2,0.9375768045125545,0.057405513197371104,0.005017682290074553
0 4 1 1 2 1,0.0,0.988710687444693,0.011289312555306985
0 4 1 1 2 1 2 2,0.17033843329086104,0.8296615667091389,0.0
0 4 1 1 2 2,0.16709810480849693,0.7923207368671156,0.04058115832438752
0 4 1 1 3 1,0.0,0.988710687444693,0.011289312555306985
0 4 1 1 3 1 2 2,0.17033843329086104,0.8296615667091389,0.0
0 4 1 1 3 2,0.16709810480849693,0.7923207368671156,0.04058115832438752
0 4 1 1 5 1,0.0,0.0038460076272036786,0.9961539923727963
0 4 1 1 5 1 2 2,0.0019304282553958608,0.9980695717446041,0.0
0 4 1 1 5 2,0.012820025424012253,0.04084790758184919,0.9463320669941386
0 4 1 2 1 1 1,0.0,0.8618943398425641,0.13810566015743594
0 4 1 2 1 1 1 2 2,5.054863850891644e-05,0.9999494513614912,0.0
0 4 1 2 1 1 2,0.26335720336147694,0.7366427767697244,1.9868798568189247e-08
0 4 1 2 1 2 1,0.0,0.6312893997686235,0.3687106002313764
0 4 1 2 1 2 1 2 2,0.9456178169372652,0.05438218306273487,0.0
0 4 1 2 1 2 2,0.5783620599911488,0.42163792334619576,1.666265557230778e-08
0 4 1 2 1 3 1,0.0,0.6312893997686235,0.3687106002313764
0 4 1 2 1 3 1 2 2,0.9456178169372652,0.05438218306273487,0.0
0 4 1 2 1 3 2,0.5783620599911488,0.42163792334619576,1.666265557230778e-08
0 4 1 2 1 5 1,0.0,1.1544972906350348e-09,0.9999999988455028
0 4 1 2 1 5 1 2 2,4.595183080245126e-10,0.9999999995404818,0.0
0 4 1 2 1 5 2,6.126910766586666e-10,2.5478330076582954e-09,0.9999999968394759
0 4 1 2 2,1.9999601047997831e-10,0.999999999800004,0.0
0 4 1 2 2 1 1 1,0.0,0.5002529848374647,0.4997470151625352
0 4 1 2 2 1 1 1 2 2,0.24744633589920773,0.7525536641007923,0.0
0 4 1 2 2 1 1 2,0.18515640710680467,0.7646274277714626,0.050216165121732596
0 4 1 2 2 1 2 1,0.0,0.3773316847624027,0.6226683152375974
0 4 1 2 2 1 2 1 2 2,0.6065629969865569,0.39343700301344314,0.0
0 4 1 2 2 1 2 2,0.32660035989095026,0.6047647473568817,0.06863489275216807
0 4 1 2 2 1 3 1,0.0,0.3773316847624027,0.6226683152375974
0 4 1 2 2 1 3 1 2 2,0.6065629969865569,0.39343700301344314,0.0
0 4 1 2 2 1 3 2,0.32660035989095026,0.6047647473568817,0.06863489275216807
0 4 1 2 2 1 5 1,0.0,1.5234530810214438e-09,0.999999998476547
0 4 1 2 2 1 5 1 2 2,4.0951930557979106e-10,0.9999999995904808,0.0
0 4 1 2 2 1 5 2,6.666533683999212e-11,0.2866238378590336,0.7133761620743011
0 4 2,7.999840003200069e-10,0.41691275386449994,0.583087245335516
0 4 2 1 1 1,0.0,0.5625433563415566,0.43745664365844333
0 4 2 1 1 1 2 2,0.286727817942734,0.713272182057266,0.0
0 4 2 1 1 2,0.2484421048902952,0.7275622113102447,0.023995683799460054
0 4 2 1 2 1,0.0,0.999999953539513,4.6460487031519334e-08
0 4 2 1 2 1 2 2,0.6536286681633927,0.3463713318366073,0.0
0 4 2 1 2 2,0.6982025886972063,0.3017973987998508,1.2502942866553418e-08
0 4 2 1 3 1,0.0,0.999999953539513,4.6460487031519334e-08
0 4 2 1 3 1 2 2,0.6536286681633927,0.3463713318366073,0.0
0 4 2 1 3 2,0.6982025886972063,0.3017973987998508,1.2502942866553418e-08
0 4 2 1 5 1,0.0,1.865306790083794e-09,0.9999999981346932
0 4 2 1 5 1 2 2,4.797070816357354e-10,0.999999999520293,0.0
0 4 2 1 5 2,9.259329721379756e-10,1.3293342671660912e-09,0.9999999977447328
0 4 2 2 1 1 1,0.0,0.5808033773411145,0.4191966226588854
0 4 2 2 1 1 1 2 2,0.06767456119042467,0.9323254388095752,0.0
0 4 2 2 1 1 2,0.07563279000142802,0.8823482840278714,0.04201892597070064
0 4 2 2 1 2 1,0.0,0.478205283492767,0.521794716507233
0 4 2 2 1 2 1 2 2,0.524082756117086,0.47591724388291407,0.0
0 4 2 2 1 2 2,0.3798549806368207,0.5345333231204344,0.08561169624274481
0 4 2 2 1 3 1,0.0,0.478205283492767,0.521794716507233
0 4 2 2 1 3 1 2 2,0.524082756117086,0.47591724388291407,0.0
0 4 2 2 1 3 2,0.3798549806368207,0.5345333231204344,0.08561169624274481
0 4 2 2 1 5 1,0.0,5.662754517998431e-09,0.9999999943372455
0 4 2 2 1 5 1 2 2,3.4299498542014623e-10,0.999999999657005,0.0
0 4 2 2 1 5 2,4.573266446371279e-10,0.300943688314939,0.6990563112277344
0 5 1,0.0,5.200093693662524e-08,0.9999999479990631
0 5 1 1 1 1,0.0,0.9891218525312493,0.010878147468750763
0 5 1 1 1 1 2 2,0.17677677372236203,0.823223226277638,0.0
0 5 1 1 1 2,0.9375768045125545,0.057405513197371104,0.005017682290074553
0 5 1 1 2 1,0.0,0.988710687444693,0.011289312555306985
0 5 1 1 2 1 2 2,0.17033843329086104,0.8296615667091389,0.0
0 5 1 1 2 2,0.16709810480849693,0.7923207368671156,0.04058115832438752
0 5 1 1 3 1,0.0,0.988710687444693,0.011289312555306985
0 5 1 1 3 1 2 2,0.17033843329086104,0.8296615667091389,0.0
0 5 1 1 3 2,0.16709810480849693,0.7923207368671156,0.04058115832438752
0 5 1 1 4 1,0.0,0.0038460076272036786,0.9961539923727963
0 5 1 1 4 1 2 2,0.0019304282553958608,0.9980695717446041,0.0
0 5 1 1 4 2,0.012820025424012253,0.04084790758184919,0.9463320669941386
0 5 1 2 1 1 1,0.0,0.8618943398425641,0.13810566015743594
0 5 1 2 1 1 1 2 2,5.054863850891644e-05,0.9999494513614912,0.0
0 5 1 2 1 1 2,0.26335720336147694,0.7366427767697244,1.9868798568189247e-08
0 5 1 2 1 2 1,0.0,0.6312893997686235,0.3687106002313764
0 5 1 2 1 2 1 2 2,0.9456178169372652,0.05438218306273487,0.0
0 5 1 2 1 2 2,0.5783620599911488,0.42163792334619576,1.666265557230778e-08
0 5 1 2 1 3 1,0.0,0.6312893997686235,0.3687106002313764
0 5 1 2 1 3 1 2 2,0.9456178169372652,0.05438218306273487,0.0
0 5 1 2 1 3 2,0.5783620599911488,0.42163792334619576,1.666265557230778e-08
0 5 1 2 1 4 1,0.0,1.1544972906350348e-09,0.9999999988455028
0 5 1 2 1 4 1 2 2,4.595183080245126e-10,0.9999999995404818,0.0
0 5 1 2 1 4 2,6.126910766586666e-10,2.5478330076582954e-09,0.9999999968394759
0 5 1 2 2,1.9999601047997831e-10,0.999999999800004,0.0
0 5 1 2 2 1 1 1,0.0,0.5002529848374647,0.4997470151625352
0 5 1 2 2 1 1 1 2 2,0.24744633589920773,0.7525536641007923,0.0
0 5 1 2 2 1 1 2,0.18515640710680467,0.7646274277714626,0.050216165121732596
0 5 1 2 2 1 2 1,0.0,0.3773316847624027,0.6226683152375974
0 5 1 2 2 1 2 1 2 2,0.6065629969865569,0.39343700301344314,0.0
0 5 1 2 2 1 2 2,0.32660035989095026,0.6047647473568817,0.06863489275216807
0 5 1 2 2 1 3 1,0.0,0.3773316847624027,0.6226683152375974
0 5 1 2 2 1 3 1 2 2,0.6065629969865569,0.39343700301344314,0.0
0 5 1 2 2 1 3 2,0.32660035989095026,0.6047647473568817,0.06863489275216807
0 5 1 2 2 1 4 1,0.0,1.5234530810214438e-09,0.999999998476547
0 5 1 2 2 1 4 1 2 2,4.0951930557979106e-10,0.9999999995904808,0.0
0 5 1 2 2 1 4 2,6.666533683999212e-11,0.2866238378590336,0.7133761620743011
0 5 2,7.999840003200069e-10,0.41691275386449994,0.583087245335516
0 5 2 1 1 1,0.0,0.5625433563415566,0.43745664365844333
0 5 2 1 1 1 2 2,0.286727817942734,0.713272182057266,0.0
0 5 2 1 1 2,0.2484421048902952,0.7275622113102447,0.023995683799460054
0 5 2 1 2 1,0.0,0.999999953539513,4.6460487031519334e-08
0 5 2 1 2 1 2 2,0.6536286681633927,0.3463713318366073,0.0
0 5 2 1 2 2,0.6982025886972063,0.3017973987998508,1.2502942866553418e-08
0 5 2 1 3 1,0.0,0.999999953539513,4.6460487031519334e-08
0 5 2 1 3 1 2 2,0.6536286681633927,0.3463713318366073,0.0
0 5 2 1 3 2,0.6982025886972063,0.3017973987998508,1.2502942866553418e-08
0 5 2 1 4 1,0.0,1.865306790083794e-09,0.9999999981346932
0 5 2 1 4 1 2 2,4.797070816357354e-10,0.999999999520293,0.0
0 5 2 1 4 2,9.259329721379756e-10,1.3293342671660912e-09,0.9999999977447328
0 5 2 2 1 1 1,0.0,0.5808033773411145,0.4191966226588854
0 5 2 2 1 1 1 2 2,0.06767456119042467,0.9323254388095752,0.0
0 5 2 2 1 1 2,0.07563279000142802,0.8823482840278714,0.04201892597070064
0 5 2 2 1 2 1,0.0,0.478205283492767,0.521794716507233
0 5 2 2 1 2 1 2 2,0.524082756117086,0.47591724388291407,0.0
0 5 2 2 1 2 2,0.3798549806368207,0.5345333231204344,0.08561169624274481
0 5 2 2 1 3 1,0.0,0.478205283492767,0.521794716507233
0 5 2 2 1 3 1 2 2,0.524082756117086,0.47591724388291407,0.0
0 5 2 2 1 3 2,0.3798549806368207,0.5345333231204344,0.08561169624274481
0 5 2 2 1 4 1,0.0,5.662754517998431e-09,0.9999999943372455
0 5 2 2 1 4 1 2 2,3.4299498542014623e-10,0.999999999657005,0.0
0 5 2 2 1 4 2,4.573266446371279e-10,0.300943688314939,0.6990563112277344
1 0 1,0.0,0.7008607295091767,0.2991392704908234
1 0 1 1 2 1,0.0,0.9285714502351012,0.07142854976489882
1 0 1 1 2 1 2 2,0.9999999980024955,1.9975044487654267e-09,0.0
1 0 1 1 2 2,0.9642857443234975,1.7071168145972902e-09,0.03571425396938576
1 0 1 1 3 1,0.0,0.9285714502351012,0.07142854976489882
1 0 1 1 3 1 2 2,0.9999999980024955,1.9975044487654267e-09,0.0
1 0 1 1 3 2,0.9642857443234975,1.7071168145972902e-09,0.03571425396938576
1 0 1 1 4 1,0.0,0.9926362708529036,0.007363729147096321
1 0 1 1 4 1 2 2,0.9999999806241046,1.9375895429357623e-08,0.0
1 0 1 1 4 2,0.999999989055708,4.805963614143172e-10,1.0463695682966359e-08
1 0 1 1 5 1,0.0,0.9926362708529036,0.007363729147096321
1 0 1 1 5 1 2 2,0.9999999806241046,1.9375895429357623e-08,0.0
1 0 1 1 5 2,0.999999989055708,4.805963614143172e-10,1.0463695682966359e-08
1 0 1 2 1 2 1,0.0,0.6167117004067333,0.3832882995932668
1 0 1 2 1 2 1 2 2,0.9999999042697028,9.573029716978847e-08,0.0
1 0 1 2 1 2 2,0.8633022214179378,5.482931521830777e-09,0.13669777309913064
1 0 1 2 1 3 1,0.0,0.6167117004067333,0.3832882995932668
1 0 1 2 1 3 1 2 2,0.9999999042697028,9.573029716978847e-08,0.0
1 0 1 2 1 3 2,0.8633022214179378,5.482931521830777e-09,0.13669777309913064
1 0 1 2 1 4 1,0.0,0.44095772103896524,0.5590422789610348
1 0 1 2 1 4 1 2 2,0.9999999994020385,5.979615104679734e-10,0.0
1 0 1 2 1 4 2,0.9869788187057801,1.047545120911242e-08,0.013021170818768767
1 0 1 2 1 5 1,0.0,0.44095772103896524,0.5590422789610348
1 0 1 2 1 5 1 2 2,0.9999999994020385,5.979615104679734e-10,0.0
1 0 1 2 1 5 2,0.9869788187057801,1.047545120911242e-08,0.013021170818768767
1 0 1 2 2,1.2788514695357582e-08,0.9999999872114853,0.0
1 0 1 2 2 1 2 1,0.0,0.965863820403709,0.03413617959629102
1 0 1 2 2 1 2 1 2 2,0.9999999340080251,6.5991974992229e-08,0.0
1 0 1 2 2 1 2 2,0.8869250590886077,2.2285717987867496e-10,0.11307494068853516
1 0 1 2 2 1 3 1,0.0,0.965863820403709,0.03413617959629102
1 0 1 2 2 1 3 1 2 2,0.9999999340080251,6.5991974992229e-08,0.0
1 0 1 2 2 1 3 2,0.8869250590886077,2.2285717987867496e-10,0.11307494068853516
1 0 1 2 2 1 4 1,0.0,0.48289959493909007,0.5171004050609099
1 0 1 2 2 1 4 1 2 2,0.9999999995432015,4.567985056383431e-10,0.0
1 0 1 2 2 1 4 2,0.7850303948508918,2.228571798786761e-10,0.2149696049262511
1 0 1 2 2 1 5 1,0.0,0.48289959493909007,0.5171004050609099
1 0 1 2 2 1 5 1 2 2,0.9999999995432015,4.567985056383431e-10,0.0
1 0 1 2 2 1 5 2,0.7850303948508918,2.228571798786761e-10,0.2149696049262511
1 0 2,0.8190494321390697,0.12582323486634273,0.05512733299458768
1 0 2 1 2 1,0.0,8.043567832384551e-07,0.9999991956432167
1 0 2 1 2 1 2 2,0.999999998410499,1.5895010262667608e-09,0.0
1 0 2 1 2 2,0.999999995660371,2.1193329969877714e-09,2.2202959405455653e-09
1 0 2 1 3 1,0.0,8.043567832384551e-07,0.9999991956432167
1 0 2 1 3 1 2 2,0.999999998410499,1.5895010262667608e-09,0.0
1 0 2 1 3 2,0.999999995660371,2.1193329969877714e-09,2.2202959405455653e-09
1 0 2 1 4 1,0.0,0.6213079907872379,0.3786920092127621
1 0 2 1 4 1 2 2,0.9999999958026583,4.197341663071365e-09,0.0
1 0 2 1 4 2,0.63183626798212,2.119332996987971e-09,0.36816372989854707
1 0 2 1 5 1,0.0,0.6213079907872379,0.3786920092127621
1 0 2 1 5 1 2 2,0.9999999958026583,4.197341663071365e-09,0.0
1 0 2 1 5 2,0.63183626798212,2.119332996987971e-09,0.36816372989854707
1 0 2 2 1 2 1,0.0,0.9999992589097295,7.410902704757881e-07
1 0 2 2 1 2 1 2 2,0.9951046559937549,0.004895344006245117,0.0
1 0 2 2 1 2 2,0.5736055500405767,6.025896308334898e-09,0.42639444393352716
1 0 2 2 1 3 1,0.0,0.9999992589097295,7.410902704757881e-07
1 0 2 2 1 3 1 2 2,0.9951046559937549,0.004895344006245117,0.0
1 0 2 2 1 3 2,0.5736055500405767,6.025896308334898e-09,0.42639444393352716
1 0 2 2 1 4 1,0.0,1.4652594439933422e-07,0.9999998534740556
1 0 2 2 1 4 1 2 2,0.9999999956714906,4.328509373548869e-09,0.0
1 0 2 2 1 4 2,0.6879746266042861,4.837189084880365e-09,0.3120253685585249
1 0 2 2 1 5 1,0.0,1.4652594439933422e-07,0.9999998534740556
1 0 2 2 1 5 1 2 2,0.9999999956714906,4.328509373548869e-09,0.0
1 0 2 2 1 5 2,0.6879746266042861,4.837189084880365e-09,0.3120253685585249
1 2 1 1 0 1,0.0,0.9999999800955773,1.9904422603622406e-08
1 2 1 1 0 1 2 2,0.9665483971438161,0.03345160285618386,0.0
1 2 1 1 0 2,0.9999999982244405,8.877797866907011e-10,8.877797866907011e-10
1 2 1 2 1 0 1,0.0,0.4587197003457867,0.5412802996542133
1 2 1 2 1 0 1 2 2,0.9999206370963257,7.936290367422236e-05,0.0
1 2 1 2 1 0 2,0.9999999909753093,2.42435407825468e-09,6.600336616717472e-09
1 2 1 2 2 1 0 1,0.0,0.9999999987564188,1.2435811604718223e-09
1 2 1 2 2 1 0 1 2 2,0.48571663946698057,0.5142833605330195,0.0
1 2 1 2 2 1 0 2,0.9800864326380968,1.9548543606903493e-10,0.01991356716641789
1 2 2 1 0 1,0.0,0.9999999810370033,1.8962996702461613e-08
1 2 2 1 0 1 2 2,0.9832357633472015,0.01676423665279851,0.0
1 2 2 1 0 2,0.9808701247223465,4.2386688582174406e-10,0.01912987485378668
1 2 2 2 1 0 1,0.0,0.9999999989215175,1.0784825367700724e-09
1 2 2 2 1 0 1 2 2,0.5,0.5,0.0
1 2 2 2 1 0 2,0.9999999104369155,1.185214848806015e-09,8.837786967210422e-08
1 3 1 1 0 1,0.0,0.9999999800955773,1.9904422603622406e-08
1 3 1 1 0 1 2 2,0.9665483971438161,0.03345160285618386,0.0
1 3 1 1 0 2,0.9999999982244405,8.877797866907011e-10,8.877797866907011e-10
1 3 1 2 1 0 1,0.0,0.4587197003457867,0.5412802996542133
1 3 1 2 1 0 1 2 2,0.9999206370963257,7.936290367422236e-05,0.0
1 3 1 2 1 0 2,0.9999999909753093,2.42435407825468e-09,6.600336616717472e-09
1 3 1 2 2 1 0 1,0.0,0.9999999987564188,1.2435811604718223e-09
1 3 1 2 2 1 0 1 2 2,0.48571663946698057,0.5142833605330195,0.0
1 3 1 2 2 1 0 2,0.9800864326380968,1.9548543606903493e-10,0.01991356716641789
1 3 2 1 0 1,0.0,0.9999999810370033,1.8962996702461613e-08
1 3 2 1 0 1 2 2,0.9832357633472015,0.01676423665279851,0.0
1 3 2 1 0 2,0.9808701247223465,4.2386688582174406e-10,0.01912987485378668
1 3 2 2 1 0 1,0.0,0.9999999989215175,1.0784825367700724e-09
1 3 2 2 1 0 1 2 2,0.5,0.5,0.0
1 3 2 2 1 0 2,0.9999999104369155,1.185214848806015e-09,8.837786967210422e-08
1 4 1 1 0 1,0.0,0.9891218525312493,0.010878147468750763
1 4 1 1 0 1 2 2,0.17677677372236203,0.823223226277638,0.0
1 4 1 1 0 2,0.9375768045125545,0.057405513197371104,0.005017682290074553
1 4 1 2 1 0 1,0.0,0.8618943398425641,0.13810566015743594
1 4 1 2 1 0 1 2 2,5.054863850891644e-05,0.9999494513614912,0.0
1 4 1 2 1 0 2,0.26335720336147694,0.7366427767697244,1.9868798568189247e-08
1 4 1 2 2 1 0 1,0.0,0.5002529848374647,0.4997470151625352
1 4 1 2 2 1 0 1 2 2,0.24744633589920773,0.7525536641007923,0.0
1 4 1 2 2 1 0 2,0.18515640710680467,0.7646274277714626,0.050216165121732596
1 4 2 1 0 1,0.0,0.5625433563415566,0.43745664365844333
1 4 2 1 0 1 2 2,0.286727817942734,0.713272182057266,0.0
1 4 2 1 0 2,0.2484421048902952,0.7275622113102447,0.023995683799460054
1 4 2 2 1 0 1,0.0,0.5808033773411145,0.4191966226588854
1 4 2 2 1 0 1 2 2,0.06767456119042467,0.9323254388095752,0.0
1 4 2 2 1 0 2,0.07563279000142802,0.8823482840278714,0.04201892597070064
1 5 1 1 0 1,0.0,0.9891218525312493,0.010878147468750763
1 5 1 1 0 1 2 2,0.17677677372236203,0.823223226277638,0.0
1 5 1 1 0 2,0.9375768045125545,0.057405513197371104,0.005017682290074553
1 5 1 2 1 0 1,0.0,0.8618943398425641,0.13810566015743594
1 5 1 2 1 0 1 2 2,5.054863850891644e-05,0.9999494513614912,0.0
1 5 1 2 1 0 2,0.26335720336147694,0.7366427767697244,1.9868798568189247e-08
1 5 1 2 2 1 0 1,0.0,0.5002529848374647,0.4997470151625352
1 5 1 2 2 1 0 1 2 2,0.24744633589920773,0.7525536641007923,0.0
1 5 1 2 2 1 0 2,0.18515640710680467,0.7646274277714626,0.050216165121732596
1 5 2 1 0 1,0.0,0.5625433563415566,0.43745664365844333
1 5 2 1 0 1 2 2,0.286727817942734,0.713272182057266,0.0
1 5 2 1 0 2,0.2484421048902952,0.7275622113102447,0.023995683799460054
1 5 2 2 1 0 1,0.0,0.5808033773411145,0.4191966226588854
1 5 2 2 1 0 1 2 2,0.06767456119042467,0.9323254388095752,0.0
1 5 2 2 1 0 2,0.07563279000142802,0.8823482840278714,0.04201892597070064
2 0 1 1 1 1,0.0,2.853576918485092e-10,0.9999999997146423
2 0 1 1 1 1 2 2,1.4267884596496912e-10,0.9999999998573211,0.0
2 0 1 1 1 2,9.51192306161679e-10,0.34809675728747425,0.6519032417613334
2 0 1 2 1 1 1,0.0,6.685715310859888e-10,0.9999999993314285
2 0 1 2 1 1 1 2 2,3.3428576576648835e-10,0.9999999996657142,0.0
2 0 1 2 1 1 2,4.457143540573258e-10,3.091170896555289e-09,0.9999999964631148
2 0 1 2 2 1 1 1,0.0,3.342857698180129e-10,0.9999999996657142
2 0 1 2 2 1 1 1 2 2,1.671428849648799e-10,0.9999999998328571,0.0
2 0 1 2 2 1 1 2,2.2285717987867524e-10,8.162798283107849e-06,0.9999918369788597
2 0 2 1 1 1,0.0,3.403546715562627e-09,0.9999999965964533
2 0 2 1 1 1 2 2,1.589499753150765e-09,0.9999999984105002,0.0
2 0 2 1 1 2,2.119332996987772e-09,2.8974817009242163e-09,0.9999999949831854
2 0 2 2 1 1 1,0.0,9.547628669338828e-09,0.9999999904523712
2 0 2 2 1 1 1 2 2,3.627891848297986e-09,0.9999999963721081,0.0
2 0 2 2 1 1 2,4.837189084880298e-09,4.914130810838005e-09,0.9999999902486801
2 1 1 1 0 1,0.0,2.853576918485092e-10,0.9999999997146423
2 1 1 1 0 1 2 2,1.4267884596496912e-10,0.9999999998573211,0.0
2 1 1 1 0 2,9.51192306161679e-10,0.34809675728747425,0.6519032417613334
2 1 1 2 1 0 1,0.0,6.685715310859888e-10,0.9999999993314285
2 1 1 2 1 0 1 2 2,3.3428576576648835e-10,0.9999999996657142,0.0
2 1 1 2 1 0 2,4.457143540573258e-10,3.091170896555289e-09,0.9999999964631148
2 1 1 2 2 1 0 1,0.0,3.342857698180129e-10,0.9999999996657142
2 1 1 2 2 1 0 1 2 2,1.671428849648799e-10,0.9999999998328571,0.0
2 1 1 2 2 1 0 2,2.2285717987867524e-10,8.162798283107849e-06,0.9999918369788597
2 1 2 1 0 1,0.0,3.403546715562627e-09,0.9999999965964533
2 1 2 1 0 1 2 2,1.589499753150765e-09,0.9999999984105002,0.0
2 1 2 1 0 2,2.119332996987772e-09,2.8974817009242163e-09,0.9999999949831854
2 1 2 2 1 0 1,0.0,9.547628669338828e-09,0.9999999904523712
2 1 2 2 1 0 1 2 2,3.627891848297986e-09,0.9999999963721081,0.0
2 1 2 2 1 0 2,4.837189084880298e-09,4.914130810838005e-09,0.9999999902486801
